BMU Type,BMU ID,BMU Fuel Type,BMU GSP Group Id,LOC LAT,LOC LONG,BMU Party ID,Trading Unit,PC Flag,PC Status,Transmission Loss Factor,Generation Capacity,Demand Capacity,Exempt Export Flag,Base TU Flag,FPN Flag
E,E_GYAR-1,CCGT,_A,52.5838344213574,1.73372501148655,RWE Generation UK plc,Non-TrUnit,Dynamic,Production (P),0.0092874,420.0,-18.0,0,0,1
E,E_KLYN-A-1,CCGT,_A,52.727436143614,0.380418831998219,RWE Generation UK plc,Non-TrUnit,Dynamic,Production (P),0.0092874,392.0,-10.0,0,0,1
E,E_PETEM1,OCGT,_A,52.5768348012371,-0.20415020370112,River Nene Power Limited,Non-TrUnit,Dynamic,Production (P),0.0092874,245.0,-5.0,0,0,1
T,T_COSO-1,CCGT,_A,51.5127966832189,0.505549713479077,Coryton Energy Company Ltd,Coryton LG Trading Unit,Dynamic,Production (P),0.0092874,800.0,-11.664,0,0,1
T,T_LBAR-1,CCGT,_A,52.2036040717861,-0.269046492522978,RWE Generation UK plc,Non-TrUnit,Dynamic,Production (P),0.0092874,750.0,-20.0,0,0,1
T,T_RYHPS-1,CCGT,_A,51.7617925200627,0.00889776411344686,VPI Power Limited,Non-TrUnit,Dynamic,Production (P),0.0092874,720.98,-15.0,0,0,1
T,T_LBAR-1G,OCGT,_A,52.2036040717861,-0.269046492522978,RWE Generation UK plc,Non-TrUnit,Dynamic,Production (P),0.0092874,25.0,0.0,0,0,1
T,T_GRGBW-1,WIND,_A,51.9015963724718,1.91735626954258,Greater Gabbard Offshore Winds,Non-TrUnit,Dynamic,Production (P),0.0092874,240.0,-5.0,0,0,1
T,T_GNFSW-1,WIND,_A,51.7438684619246,1.16999372757417,Gunfleet Sands Limited,Non-TrUnit,Production (P),Production (P),0.0092874,108.0,-2.0,1,0,1
T,T_GNFSW-2,WIND,_A,51.7438684619246,1.16999372757417,Gunfleet Sands II Limited,Non-TrUnit,Production (P),Production (P),0.0092874,64.48,-1.0,1,0,1
T,T_GRGBW-2,WIND,_A,51.9015963724718,1.91735626954258,Greater Gabbard Offshore Winds,Non-TrUnit,Dynamic,Production (P),0.0092874,240.0,-5.0,0,0,1
T,T_GRGBW-3,WIND,_A,51.9015963724718,1.91735626954258,Greater Gabbard Offshore Winds,Non-TrUnit,Dynamic,Production (P),0.0092874,240.0,-5.0,0,0,1
E,E_LCHWT-1,OTHER,_A,51.9798307583823,-0.221268509927489,Conrad Energy (Trading),DEFAULT__A,Consumption (C),Consumption (C),0.0092874,15.0,-1.0,1,1,1
T,T_GANW-11,WIND,_A,51.89,2.04,Galloper Offshore WindFarm Ltd,Non-TrUnit,Dynamic,Production (P),0.0092874,88.0,-3.0,0,0,1
T,T_GANW-13,WIND,_A,51.89,2.04,Galloper Offshore WindFarm Ltd,Non-TrUnit,Dynamic,Production (P),0.0092874,88.0,-3.0,0,0,1
T,T_GANW-22,WIND,_A,51.89,2.04,Galloper Offshore WindFarm Ltd,Non-TrUnit,Dynamic,Production (P),0.0092874,88.0,-3.0,0,0,1
T,T_GANW-24,WIND,_A,51.89,2.04,Galloper Offshore WindFarm Ltd,Non-TrUnit,Dynamic,Production (P),0.0092874,88.0,-3.0,0,0,1
2,2__AFLEX001,OTHER,_A,52.2266494264837,0.519993469781233,Flexitricity Limited,DEFAULT__A,Dynamic,Consumption (C),0.0075366,49.0,0.0,0,1,1
T,T_EAAO-1,WIND,_A,52.1563184951843,2.24162232413838,East Anglia One Limited,Non-TrUnit,Dynamic,Production (P),0.0092874,358.0,-6.6,0,0,1
T,T_EAAO-2,WIND,_A,52.1563184951843,2.24162232413838,East Anglia One Limited,Non-TrUnit,Dynamic,Production (P),0.0092874,340.0,-7.5,0,0,1
2,2__ALOND001,OTHER,_A,52.2266494264837,0.519993469781233,EDF Energy Customers Ltd,DEFAULT__A,Dynamic,Consumption (C),0.0075366,5.0,-4.4,0,1,1
2,2__ACNDL001,OCGT,_A,52.5767579581284,-0.20409261418466,NEAS Energy Ltd.,DEFAULT__A,Dynamic,Consumption (C),0.0092874,49.0,0.0,0,1,1
2,2__ALOND002,BATTERY,_A,52.2266494264837,0.519993469781233,EDF Energy Customers Ltd,DEFAULT__A,Dynamic,Consumption (C),0.0092874,0.0,0.0,0,1,1
2,2__AFLEX003,OTHER,_A,52.2266494264837,0.519993469781233,Flexitricity Limited,DEFAULT__A,Dynamic,Consumption (C),0.0092874,49.0,0.0,0,1,1
2,2__AFLEX004,OTHER,_A,52.2266494264837,0.519993469781233,Flexitricity Limited,DEFAULT__A,Dynamic,Consumption (C),0.0092874,49.0,0.0,0,1,1
2,2__AFLEX005,OTHER,_A,52.2266494264837,0.519993469781233,Flexitricity Limited,DEFAULT__A,Dynamic,Consumption (C),0.0092874,49.0,0.0,0,1,1
2,2__ASTAT003,OTHER,_A,53.7465528126879,-0.232329251642476,Statkraft Markets Gmbh,DEFAULT__A,Dynamic,Consumption (C),0.0092874,42.0,-4.0,0,1,1
2,2__ASTAT005,BATTERY,_A,53.7465528126879,-0.232329251642476,Statkraft Markets Gmbh,DEFAULT__A,Dynamic,Consumption (C),0.0092874,50.0,-52.0,0,1,1
E,E_ARNKB-2,BATTERY,_A,51.64079,0.357959,Flexitricity Limited,DEFAULT__A,Consumption (C),Consumption (C),0.0075366,49.0,0.0,1,1,1
E,E_BURWB-1,BATTERY,_A,52.278583,0.316446,SMS Energy Services Limited,DEFAULT__A,Consumption (C),Consumption (C),0.0075366,50.0,-50.0,1,1,1
E,E_CORB-1,CCGT,_B,52.5108277578638,-0.681500396652755,CORBY POWER LIMITED,Non-TrUnit,Dynamic,Production (P),0.0034544,360.0,-0.1,0,0,1
T,T_CDCL-1,CCGT,_B,53.3074211943206,-0.786058128515521,Uniper UK Limited,Non-TrUnit,Dynamic,Production (P),0.0034544,445.0,-12.0,0,0,1
T,T_RATS-1,COAL,_B,52.8653934255646,-1.25501580272918,Uniper UK Limited,Ratcliffe PS Trading Unit,Dynamic,Production (P),0.0100104,504.0,-16.0,0,0,1
T,T_RATS-2,COAL,_B,52.8653934255646,-1.25501580272918,Uniper UK Limited,Ratcliffe PS Trading Unit,Dynamic,Production (P),0.0034544,504.0,-16.0,0,0,1
T,T_RATS-3,COAL,_B,52.8653934255646,-1.25501580272918,Uniper UK Limited,Ratcliffe PS Trading Unit,Dynamic,Production (P),0.0034544,504.0,-16.0,0,0,1
T,T_RATS-4,COAL,_B,52.8653934255646,-1.25501580272918,Uniper UK Limited,Ratcliffe PS Trading Unit,Dynamic,Production (P),0.0034544,504.0,-16.0,0,0,1
T,T_RATSGT-2,OCGT,_B,52.8653934255646,-1.25501580272918,Uniper UK Limited,Ratcliffe PS Trading Unit,Dynamic,Production (P),0.0034544,18.0,0.0,0,0,1
T,T_RATSGT-4,OCGT,_B,52.8653934255646,-1.25501580272918,Uniper UK Limited,Ratcliffe PS Trading Unit,Dynamic,Production (P),0.0034544,18.504,0.0,0,0,1
T,T_SPLN-1,CCGT,_B,52.805849122686,-0.131241508901022,Spalding Energy Company Ltd,Non-TrUnit,Dynamic,Production (P),0.0034544,950.0,-10.0,0,0,1
T,T_STAY-1,CCGT,_B,53.0751540301292,-0.856133586404912,RWE Generation UK plc,Staythorpe Power Station,Dynamic,Production (P),0.0034544,464.0,-15.0,0,0,1
T,T_STAY-2,CCGT,_B,53.0751540301292,-0.856133586404912,RWE Generation UK plc,Staythorpe Power Station,Dynamic,Production (P),0.0034544,464.0,-15.0,0,0,1
T,T_STAY-3,CCGT,_B,53.0751540301292,-0.856133586404912,RWE Generation UK plc,Staythorpe Power Station,Dynamic,Production (P),0.0034544,464.0,-15.0,0,0,1
T,T_STAY-4,CCGT,_B,53.0751540301292,-0.856133586404912,RWE Generation UK plc,Staythorpe Power Station,Dynamic,Production (P),0.0034544,464.0,-15.0,0,0,1
T,T_SHRSW-1,WIND,_B,53.1342,1.1464,Scira Offshore Energy Limited,Non-TrUnit,Dynamic,Production (P),0.0092874,158.4,-1.1,0,0,1
T,T_SHRSW-2,WIND,_B,53.1342,1.1464,Scira Offshore Energy Limited,Non-TrUnit,Dynamic,Production (P),0.0092874,158.4,-1.1,0,0,1
T,T_LNCSW-1,WIND,_B,53.1519628891417,0.527023885801961,Lincs Wind Farm Ltd,Non-TrUnit,Dynamic,Production (P),0.0092874,150.0,-4.0,0,0,1
T,T_LNCSW-2,WIND,_B,53.1519628891417,0.527023885801961,Lincs Wind Farm Ltd,Non-TrUnit,Dynamic,Production (P),0.0092874,150.0,-4.0,0,0,1
E,E_RDFRD-1,OTHER,_B,52.8000476308125,-0.927751414554609,Conrad Energy (Trading),DEFAULT__B,Consumption (C),Consumption (C),0.0034544,20.5,-1.0,1,1,1
E,E_RDFRB-1,OTHER,_B,52.8000476308125,-0.927751414554609,Conrad Energy (Trading),DEFAULT__B,Consumption (C),Consumption (C),0.0034544,20.0,-1.0,1,1,1
E,E_TRFPK-1,OTHER,_B,52.891787,-1.474684,Conrad Energy (Trading),DEFAULT__B,Consumption (C),Consumption (C),0.0034544,14.0,-1.1,1,1,1
T,T_RCBKO-2,WIND,_B,53.2575536371034,0.842250881259418,Race Bank Wind Farm Ltd,Non-TrUnit,Dynamic,Production (P),0.0092874,290.0,-3.0,0,0,1
T,T_DDGNO-2,WIND,_B,53.3023117622028,1.39586673571844,Dudgeon Offshore Wind Ltd,Non-TrUnit,Dynamic,Production (P),0.0092874,90.0,-1.32,0,0,1
T,T_DDGNO-3,WIND,_B,53.3023117622028,1.39586673571844,Dudgeon Offshore Wind Ltd,Non-TrUnit,Dynamic,Production (P),0.0092874,102.0,-1.3,0,0,1
T,T_DDGNO-1,WIND,_B,53.3023117622028,1.39586673571844,Dudgeon Offshore Wind Ltd,Non-TrUnit,Dynamic,Production (P),0.0092874,108.0,-1.34,0,0,1
T,T_RCBKO-1,WIND,_B,53.2575536371034,0.842250881259418,Race Bank Wind Farm Ltd,Non-TrUnit,Dynamic,Production (P),0.0092874,284.0,-3.0,0,0,1
2,2__BFLEX001,BATTERY,_B,53.403786689114,-1.26832841693883,Flexitricity Limited,DEFAULT__B,Dynamic,Consumption (C),0.0100104,49.0,0.0,0,1,1
T,T_SEEL-1,CCGT,_B,52.8054782030351,-0.131484977823293,Spalding Energy Expansion Ltd,Non-TrUnit,Dynamic,Production (P),0.0034544,300.0,-10.0,0,0,1
2,2__BSMAR002,OTHER,_B,52.8000476308125,-0.927751414554609,Smartestenergy Limited,DEFAULT__B,Dynamic,Consumption (C),0.0084849,6.068,0.0,0,1,1
V,V__BEROV001,BATTERY,_B,52.8000476308125,-0.927751414554609,Erova Energy Limited,Non-TrUnit,Consumption (C),Consumption (C),0.0034544,0.0,0.0,0,0,1
V,V__BADEL001,OTHER,_B,52.8000476308125,-0.927751414554609,Adela Energy Ltd,Non-TrUnit,Production (P),Production (P),0.0034544,0.0,0.0,0,0,1
2,2__BECOT003,OTHER,_B,52.8000476308125,-0.927751414554609,The Renewable Energy Co Ltd,DEFAULT__B,Dynamic,Consumption (C),0.0034544,16.0,0.0,0,1,0
2,2__BFLEX002,BATTERY,_B,53.403786689114,-1.26832841693883,Flexitricity Limited,DEFAULT__B,Dynamic,Consumption (C),0.0100104,49.0,0.0,0,1,1
2,2__BSMAR003,OTHER,_B,52.8000476308125,-0.927751414554609,Smartestenergy Limited,DEFAULT__B,Dynamic,Consumption (C),0.0084849,0.0,0.0,0,1,1
V,V__BGBLO001,OTHER,_B,52.8000476308125,-0.927751414554609,GridBeyond Limited,Non-TrUnit,Consumption (C),Consumption (C),0.0034544,0.0,0.0,0,0,1
E,E_DERBY-1,OCGT,_B,52.8841,-1.4641,Whitetower Energy Limited,DEFAULT__B,Production (P),Production (P),0.0100104,55.0,-6.0,1,1,1
2,2__BFSEN005,BATTERY,_B,52.8000476308125,-0.927751414554609,F & S Energy Ltd,DEFAULT__B,Dynamic,Consumption (C),0.0100104,45.38,-49.801,0,1,1
V,V__BCEND002,OTHER,_B,52.8000476308125,-0.927751414554609,Centrica Business Solutions UK,Non-TrUnit,Production (P),Production (P),0.0061409,0.0,0.0,0,0,1
2,2__BSTAT001,OTHER,_B,52.8000476308125,-0.927751414554609,Statkraft Markets Gmbh,DEFAULT__B,Dynamic,Consumption (C),0.0034544,4.0,0.0,0,1,1
2,2__BSTAT002,OTHER,_B,52.8000476308125,-0.927751414554609,Statkraft Markets Gmbh,DEFAULT__B,Dynamic,Consumption (C),0.005607,6.0,0.0,0,1,1
2,2__BFLEX003,BATTERY,_B,53.403786689114,-1.26832841693883,Flexitricity Limited,DEFAULT__B,Dynamic,Consumption (C),0.0034544,49.0,0.0,0,1,1
E,E_TAYL2G,OCGT,_C,51.5461054713787,-0.256382417499557,Uniper UK Limited,Non-TrUnit,Dynamic,Production (P),0.0245493,72.0,-2.3,0,0,1
E,E_TAYL3G,OCGT,_C,51.5461054713787,-0.256382417499557,Uniper UK Limited,Non-TrUnit,Dynamic,Production (P),0.0245493,72.0,-2.3,0,0,1
T,T_EECL-1,CCGT,_C,51.6629769406026,-0.0233697623247043,Uniper UK Limited,Non-TrUnit,Dynamic,Production (P),0.0245493,444.0,-14.171,0,0,1
2,2__CMRCY001,OTHER,_C,51.5110854576133,-0.0368387590121706,Octopus Energy Limited,DEFAULT__C,Dynamic,Consumption (C),0.0245493,2.165,-3.917,0,1,1
E,E_RHEI-1,NPSHYD,_D,52.3974162643492,-3.92039674419812,Statkraft Markets Gmbh,DEFAULT__D,Production (P),Production (P),-0.002826,50.0,0.0,1,1,1
T,T_CNQPS-1,CCGT,_D,53.2316142591421,-3.08194714607652,Uniper UK Limited,CONNAHS QUAY PS TRADING UNIT,Dynamic,Production (P),-0.002826,351.162,-20.0,0,0,1
T,T_CNQPS-2,CCGT,_D,53.2316142591421,-3.08194714607652,Uniper UK Limited,CONNAHS QUAY PS TRADING UNIT,Dynamic,Production (P),-0.002826,352.0,-20.0,0,0,1
T,T_CNQPS-3,CCGT,_D,53.2316142591421,-3.08194714607652,Uniper UK Limited,CONNAHS QUAY PS TRADING UNIT,Dynamic,Production (P),-0.002826,350.0,-20.0,0,0,1
T,T_CNQPS-4,CCGT,_D,53.2316142591421,-3.08194714607652,Uniper UK Limited,CONNAHS QUAY PS TRADING UNIT,Dynamic,Production (P),-0.002826,356.0,-20.0,0,0,1
T,T_DINO-2,PS,_D,53.1193778657277,-4.11399537707403,First Hydro Company,DINORWIG,Dynamic,Production (P),-0.002826,320.0,-294.0,0,0,1
T,T_DINO-3,PS,_D,53.1193778657277,-4.11399537707403,First Hydro Company,DINORWIG,Dynamic,Production (P),-0.002826,320.0,-302.2,0,0,1
T,T_DINO-4,PS,_D,53.1193778657277,-4.11399537707403,First Hydro Company,DINORWIG,Dynamic,Production (P),-0.002826,320.0,-294.0,0,0,1
T,T_DINO-5,PS,_D,53.1193778657277,-4.11399537707403,First Hydro Company,DINORWIG,Dynamic,Production (P),-0.002826,320.0,-299.0,0,0,1
T,T_DINO-6,PS,_D,53.1193778657277,-4.11399537707403,First Hydro Company,DINORWIG,Dynamic,Production (P),-0.002826,320.0,-294.0,0,0,1
T,T_FFES-1,PS,_D,52.9809557051828,-3.96882462981148,First Hydro Company,Ffestiniog Power Station,Dynamic,Production (P),-0.002826,91.033,-75.0,0,0,1
T,T_FFES-2,PS,_D,52.9809557051828,-3.96882462981148,First Hydro Company,Ffestiniog Power Station,Dynamic,Production (P),-0.002826,91.875,-75.0,0,0,1
T,T_FFES-3,PS,_D,52.9809557051828,-3.96882462981148,First Hydro Company,Ffestiniog Power Station,Dynamic,Production (P),-0.002826,90.0,-75.0,0,0,1
T,T_FFES-4,PS,_D,52.9809557051828,-3.96882462981148,First Hydro Company,Ffestiniog Power Station,Dynamic,Production (P),-0.002826,90.0,-75.0,0,0,1
T,T_ROCK-1,CCGT,_D,53.3155172862558,-2.72540723153722,Rocksavage Power Company Ltd,Rocksavage Trading Unit,Dynamic,Production (P),-0.002826,810.0,-13.2,0,0,1
E,E_BURBO,WIND,_D,53.4948955936726,-3.1955744702665,Orsted Burbo (UK) Limited,DEFAULT__D,Production (P),Production (P),-0.002826,90.0,-2.0,1,1,1
T,T_GYMR-15,WIND,_D,53.5386500216031,-3.57377025805873,Gwynt y Mor Offshore Wind Farm,Gwynt y Mor,Dynamic,Production (P),-0.002826,148.0,-3.0,0,0,1
T,T_GYMR-17,WIND,_D,53.5386500216031,-3.57377025805873,Gwynt y Mor Offshore Wind Farm,Gwynt y Mor,Dynamic,Production (P),-0.002826,148.0,-3.0,0,0,1
T,T_GYMR-26,WIND,_D,53.5386500216031,-3.57377025805873,Gwynt y Mor Offshore Wind Farm,Gwynt y Mor,Dynamic,Production (P),-0.002826,148.0,-3.0,0,0,1
T,T_GYMR-28,WIND,_D,53.5386500216031,-3.57377025805873,Gwynt y Mor Offshore Wind Farm,Gwynt y Mor,Dynamic,Production (P),-0.002826,148.0,-3.0,0,0,1
T,T_BRBEO-1,WIND,_D,53.486136089562,-3.16757975904456,Burbo Extension Limited,Non-TrUnit,Dynamic,Production (P),-0.002826,257.7,-5.0,0,0,1
2,2__DSMAR001,OTHER,_D,52.9801138817618,-3.36924877864595,Smartestenergy Limited,DEFAULT__D,Dynamic,Consumption (C),0.0070704,0.0,0.0,0,1,0
2,2__DSTAT001,OTHER,_D,52.3954841634121,-3.89871422089976,Statkraft Markets Gmbh,DEFAULT__D,Dynamic,Consumption (C),-0.002826,20.0,-2.0,0,1,1
E,E_MDLWH-1,OTHER,_D,53.2060501636979,-2.4989944698607,Conrad Energy (Trading),DEFAULT__D,Consumption (C),Consumption (C),-0.002826,20.0,0.0,1,1,1
2,2__DSMAE001,OTHER,_D,52.9801138817618,-3.36924877864595,Smartestenergy Limited,DEFAULT__D,Dynamic,Consumption (C),-0.002826,35.786,0.0,0,1,1
2,2__DSTAT002,OTHER,_D,52.3954841634121,-3.89871422089976,Statkraft Markets Gmbh,DEFAULT__D,Dynamic,Consumption (C),-0.002826,14.0,-2.0,0,1,1
2,2__DSTAT003,OTHER,_D,52.3954841634121,-3.89871422089976,Statkraft Markets Gmbh,DEFAULT__D,Dynamic,Consumption (C),-0.002826,20.0,0.0,0,1,1
2,2__DSTAT004,OTHER,_D,52.3954841634121,-3.89871422089976,Statkraft Markets Gmbh,DEFAULT__D,Dynamic,Consumption (C),-0.002826,16.0,0.0,0,1,1
T,T_PINFB-1,BATTERY,_D,53.2656838598824,-2.94381566987764,Zenobe Capenhurst Limited,Non-TrUnit,Dynamic,Consumption (C),-0.002826,27.08,-27.88,0,0,1
T,T_PINFB-2,BATTERY,_D,53.2656838598824,-2.94381566987764,Zenobe Capenhurst Limited,Non-TrUnit,Dynamic,Consumption (C),-0.002826,26.0,-26.82,0,0,1
T,T_PINFB-3,BATTERY,_D,53.2656838598824,-2.94381566987764,Zenobe Capenhurst Limited,Non-TrUnit,Dynamic,Consumption (C),-0.002826,26.0,-26.0,0,0,1
T,T_PINFB-4,BATTERY,_D,53.2656838598824,-2.94381566987764,Zenobe Capenhurst Limited,Non-TrUnit,Dynamic,Consumption (C),-0.002826,26.0,-26.0,0,0,1
V,V__DWELS001,OTHER,_D,52.9801138817618,-3.36924877864595,Welsh Power Group Limited,Non-TrUnit,Production (P),Production (P),-0.002826,0.0,0.0,0,0,1
V,V__DWELS002,OTHER,_D,52.9801138817618,-3.36924877864595,Welsh Power Group Limited,Non-TrUnit,Production (P),Production (P),-0.002826,0.0,0.0,0,0,1
E,E_FDUN-1,OTHER,_E,52.509765295352,-1.81201346860113,Whitetower Energy Limited,DEFAULT__E,Consumption (C),Consumption (C),0.0097251,99.0,-1.0,1,1,1
E,E_SUDME-1,CCGT,_E,51.8651122557091,-2.26406291028105,Conrad Energy (Trading),DEFAULT__E,Consumption (C),Consumption (C),0.0097251,40.0,-1.1,1,1,1
E,E_ARNKB-1,BATTERY,_E,52.603419568478,-1.99095787707325,Arenko Cleantech Limited,DEFAULT__E,Production (P),Production (P),0.0097251,41.66,-41.62,1,1,1
2,2__EFLEX001,BATTERY,_E,52.2796948219992,-1.97621552847919,Flexitricity Limited,DEFAULT__E,Dynamic,Consumption (C),0.0199884,49.0,0.0,0,1,1
2,2__ESMAR001,OTHER,_E,52.2796948219992,-1.97621552847919,Smartestenergy Limited,DEFAULT__E,Dynamic,Consumption (C),0.0163776,0.0,0.0,0,1,1
2,2__EFLEX002,OTHER,_E,52.2796948219992,-1.97621552847919,Flexitricity Limited,DEFAULT__E,Dynamic,Consumption (C),0.0199884,49.0,0.0,0,1,1
2,2__ESTAT001,OTHER,_E,52.2796948219992,-1.97621552847919,Statkraft Markets Gmbh,DEFAULT__E,Dynamic,Consumption (C),0.0097251,20.0,-2.0,0,1,1
E,E_CHTRY-1,OTHER,_E,53.07677,-2.177474,Conrad Energy (Trading),DEFAULT__E,Consumption (C),Consumption (C),0.0097251,20.0,0.0,1,1,1
2,2__EUKPR001,OTHER,_E,52.2796948219992,-1.97621552847919,UK Power Reserve Limited,DEFAULT__E,Dynamic,Consumption (C),0.0097251,20.0,-2.0,0,1,1
2,2__EFLEX003,OTHER,_E,52.2796948219992,-1.97621552847919,Flexitricity Limited,DEFAULT__E,Dynamic,Consumption (C),0.0097251,49.0,0.0,0,1,1
V,V__EADEL001,OTHER,_E,52.2796948219992,-1.97621552847919,Adela Energy Ltd,Non-TrUnit,Production (P),Production (P),0.0097251,0.0,0.0,0,0,1
V,V__EGAZP001,OTHER,_E,52.9704514903061,-2.16769648323097,SEFE Marketing & Trading LTD,Non-TrUnit,Consumption (C),Consumption (C),0.0148608,0.0,0.0,0,0,1
2,2__ESTAT002,OTHER,_E,52.2796948219992,-1.97621552847919,Statkraft Markets Gmbh,DEFAULT__E,Dynamic,Consumption (C),0.0097251,4.0,0.0,0,1,1
E,E_POTES-1,BATTERY,_F,54.9792809360931,-1.44645087794649,Arenko Cleantech Limited,DEFAULT__F,Consumption (C),Consumption (C),-0.0077906,35.0,-35.0,1,1,1
2,2__FFLEX001,OTHER,_F,54.6654853376983,-1.7377340766302,Flexitricity Limited,DEFAULT__F,Dynamic,Consumption (C),-0.007074,49.0,0.0,0,1,1
2,2__FSTAT001,OTHER,_F,54.6654853376983,-1.7377340766302,Statkraft Markets Gmbh,DEFAULT__F,Dynamic,Consumption (C),-0.0077906,50.0,-2.0,0,1,1
2,2__FSTAT002,OTHER,_F,54.6654853376983,-1.7377340766302,Statkraft Markets Gmbh,DEFAULT__F,Dynamic,Consumption (C),-0.0077906,50.0,-2.0,0,1,1
2,2__FFSEN005,BATTERY,_F,54.6654853376983,-1.7377340766302,F & S Energy Ltd,DEFAULT__F,Dynamic,Consumption (C),-0.0077906,11.779,-23.922,0,1,1
E,E_VKING-2,CCGT,_F,54.608850900761,-1.20087636721511,Whitetower Energy Limited,DEFAULT__F,Production (P),Production (P),0.0221547,50.0,-366.184,1,1,1
2,2__FSTAT003,OTHER,_F,54.6654853376983,-1.7377340766302,Statkraft Markets Gmbh,DEFAULT__F,Dynamic,Consumption (C),-0.007074,50.0,0.0,0,1,1
T,T_WLNYW-1,WIND,_G,54.034616307247,-3.50266570658268,Walney Offshore Windfarms Ltd,Non-TrUnit,Dynamic,Production (P),-0.0088864,182.0,-2.0,0,0,1
T,T_RRWW-1,WIND,_G,54.8146016203073,-3.64262957250097,RWE Renewables UK Robin Rigg,Non-TrUnit,Production (P),Production (P),-0.0021672,90.0,-6.0,1,0,1
T,T_BOWLW-1,WIND,_G,54.0106763774685,-3.32273035741533,Barrow Offshore Wind Limited,Non-TrUnit,Production (P),Production (P),-0.0088864,90.0,-2.0,1,0,1
T,T_OMNDW-1,WIND,_G,54.0414708803333,-3.35806444546254,Ormonde Energy Ltd,Non-TrUnit,Dynamic,Production (P),-0.0088864,150.76,0.0,0,0,1
T,T_WLNYO-2,WIND,_G,54.034616307247,-3.50266570658268,Walney Offshore Windfarms Ltd,Non-TrUnit,Dynamic,Production (P),-0.0088864,183.6,-2.886,0,0,1
T,T_CARR-1,CCGT,_G,53.4369586224557,-2.40821172490019,Carrington Power Ltd,Non-TrUnit,Dynamic,Production (P),-0.002826,470.0,-10.0,0,0,1
T,T_CARR-2,CCGT,_G,53.4369586224557,-2.40821172490019,Carrington Power Ltd,Non-TrUnit,Dynamic,Production (P),-0.002826,470.0,-10.0,0,0,1
T,T_WDNSO-1,WIND,_G,53.98,-3.46,Morecambe Wind Limited,Non-TrUnit,Dynamic,Production (P),-0.0021672,196.848,-5.0,0,0,1
T,T_WDNSO-2,WIND,_G,53.98,-3.46,Morecambe Wind Limited,Non-TrUnit,Dynamic,Production (P),-0.0021672,196.688,-5.0,0,0,1
T,T_WLNYO-3,WIND,_G,54.034616307247,-3.50266570658268,Walney Extension Ltd,Non-TrUnit,Dynamic,Production (P),-0.0088864,330.0,-3.0,0,0,1
T,T_WLNYO-4,WIND,_G,54.034616307247,-3.50266570658268,Walney Extension Ltd,Non-TrUnit,Dynamic,Production (P),-0.0088864,330.0,-3.94,0,0,1
2,2__GANGE001,OTHER,_G,54.1274635690884,-2.76997515496618,Limejump Energy Limited,DEFAULT__G,Dynamic,Consumption (C),-0.0088864,50.0,-2.1,0,1,1
E,E_ROOSB-1,BATTERY,_G,54.1052911894526,-3.18997854383859,CBS ENERGY STORAGE ASSETS LTD,DEFAULT__G,Consumption (C),Consumption (C),-0.0088864,49.0,-49.0,1,1,1
E,E_GOSHS-1,OTHER,_G,53.7067171920374,-2.46760025834573,Conrad Energy (Trading),DEFAULT__G,Consumption (C),Consumption (C),-0.0088864,20.0,-1.0,1,1,1
E,E_MORFL-1,OTHER,_G,54.1274635690884,-2.76997515496618,Conrad Energy (Trading),DEFAULT__G,Consumption (C),Consumption (C),-0.0088864,20.0,-1.0,1,1,1
E,E_RAKE-1,OTHER,_G,54.1274635690884,-2.76997515496618,Conrad Energy (Trading),DEFAULT__G,Consumption (C),Consumption (C),-0.0088864,20.0,-1.0,1,1,1
2,2__GANGE002,OTHER,_G,54.1274635690884,-2.76997515496618,Limejump Energy Limited,DEFAULT__G,Dynamic,Consumption (C),-0.0088864,50.0,-6.58,0,1,1
2,2__GLOND001,BATTERY,_G,54.1274635690884,-2.76997515496618,EDF Energy Customers Ltd,DEFAULT__G,Dynamic,Consumption (C),-0.0088864,9.4,-14.6,0,1,1
2,2__GANGE003,OTHER,_G,54.1274635690884,-2.76997515496618,Limejump Energy Limited,DEFAULT__G,Dynamic,Consumption (C),-0.0088864,10.321,0.0,0,1,1
2,2__GANGE004,OTHER,_G,54.1274635690884,-2.76997515496618,Limejump Energy Limited,DEFAULT__G,Dynamic,Consumption (C),-0.0088864,20.34,0.0,0,1,1
2,2__GLOND002,BATTERY,_G,54.1274635690884,-2.76997515496618,EDF Energy Customers Ltd,DEFAULT__G,Dynamic,Consumption (C),-0.0088864,9.4,-20.8,0,1,1
2,2__GSMAR001,OTHER,_G,54.1274635690884,-2.76997515496618,Smartestenergy Limited,DEFAULT__G,Dynamic,Consumption (C),0.0008159,0.0,0.0,0,1,0
2,2__GSTAT001,OTHER,_G,54.1274635690884,-2.76997515496618,Statkraft Markets Gmbh,DEFAULT__G,Dynamic,Consumption (C),-0.0088864,20.0,-2.0,0,1,1
2,2__GSTAT002,OTHER,_G,54.1274635690884,-2.76997515496618,Statkraft Markets Gmbh,DEFAULT__G,Dynamic,Consumption (C),-0.0088864,20.0,-2.0,0,1,1
V,V__GHABI001,BATTERY,_G,53.7803635191612,-2.64227624621566,Habitat Energy Limited,Non-TrUnit,Consumption (C),Consumption (C),-0.0088864,0.0,0.0,0,0,1
E,E_RDSCR-1,OTHER,_G,53.7823932123836,-2.64323006781514,Conrad Energy (Trading),DEFAULT__G,Consumption (C),Consumption (C),-0.0088864,40.0,0.0,1,1,1
E,E_BSPHM-1,OTHER,_G,53.5485820012106,-1.52374888554232,Conrad Energy (Trading),DEFAULT__G,Consumption (C),Consumption (C),-0.0088864,20.0,0.0,1,1,1
V,V__GADEL001,OTHER,_G,54.1274635690884,-2.76997515496618,Adela Energy Ltd,Non-TrUnit,Production (P),Production (P),-0.0088864,0.0,0.0,0,0,1
2,2__GSTAT003,OTHER,_G,54.1274635690884,-2.76997515496618,Statkraft Markets Gmbh,DEFAULT__G,Dynamic,Consumption (C),-0.0088864,20.0,-2.0,0,1,1
2,2__GSMAE001,OTHER,_G,54.1274635690884,-2.76997515496618,Smartestenergy Limited,DEFAULT__G,Dynamic,Consumption (C),-0.0088864,19.402,0.0,0,1,1
2,2__GSMAR002,OTHER,_G,54.1274635690884,-2.76997515496618,Smartestenergy Limited,DEFAULT__G,Dynamic,Consumption (C),-0.0088864,0.0,0.0,0,1,1
2,2__GSTAT004,OTHER,_G,54.1274635690884,-2.76997515496618,Statkraft Markets Gmbh,DEFAULT__G,Dynamic,Consumption (C),-0.0088864,20.0,-2.0,0,1,1
2,2__GSTAT005,BATTERY,_G,54.1274635690884,-2.76997515496618,Statkraft Markets Gmbh,DEFAULT__G,Dynamic,Consumption (C),-0.0021672,20.0,-2.0,0,1,1
2,2__GSTAT006,OTHER,_G,54.1274635690884,-2.76997515496618,Statkraft Markets Gmbh,DEFAULT__G,Dynamic,Consumption (C),-0.0088864,6.0,0.0,0,1,1
V,V__GWELS001,OTHER,_G,54.1274635690884,-2.76997515496618,Welsh Power Group Limited,Non-TrUnit,Production (P),Production (P),-0.0088864,0.0,0.0,0,0,1
2,2__GFLEX001,OTHER,_G,54.1274635690884,-2.76997515496618,Flexitricity Limited,DEFAULT__G,Dynamic,Consumption (C),-0.0088864,49.0,0.0,0,1,1
2,2__GFLEX002,OTHER,_G,54.1274635690884,-2.76997515496618,Flexitricity Limited,DEFAULT__G,Dynamic,Consumption (C),-0.0088864,49.0,0.0,0,1,1
2,2__GFLEX003,OTHER,_G,54.1274635690884,-2.76997515496618,Flexitricity Limited,DEFAULT__G,Dynamic,Consumption (C),-0.0088864,49.0,0.0,0,1,1
E,E_COWE1,OCGT,_H,50.7462591723613,-1.28642079000161,RWE Generation UK plc,Cowes Power Station,Dynamic,Production (P),0.0250176,70.0,0.0,0,0,1
E,E_COWE2,OCGT,_H,50.7462591723613,-1.28642079000161,RWE Generation UK plc,Cowes Power Station,Dynamic,Production (P),0.0208273,70.0,-2.0,0,0,1
T,T_DIDCB5,CCGT,_H,51.6275049324662,-1.26620382117437,RWE Generation UK plc,Didcot B Power Station,Dynamic,Production (P),0.0208273,770.0,-10.0,0,0,1
T,T_DIDCB6,CCGT,_H,51.6275049324662,-1.26620382117437,RWE Generation UK plc,Didcot B Power Station,Dynamic,Production (P),0.0208273,720.0,-10.0,0,0,1
T,T_MRWD-1,CCGT,_H,50.8988305089815,-1.43718737640197,Marchwood Power Limited,Non-TrUnit,Dynamic,Production (P),0.0208273,920.0,-15.0,0,0,1
E,E_DIDC1G,OCGT,_H,51.6275582136788,-1.2662002610096,RWE Generation UK plc,Didcot OCGT Power Station,Production (P),Production (P),0.0208273,25.0,0.0,1,0,1
E,E_DIDC2G,OCGT,_H,51.6275582136788,-1.2662002610096,RWE Generation UK plc,Didcot OCGT Power Station,Production (P),Production (P),0.0208273,25.0,0.0,1,0,1
E,E_DIDC3G,OCGT,_H,51.6275582136788,-1.2662002610096,RWE Generation UK plc,Didcot OCGT Power Station,Production (P),Production (P),0.0208273,25.0,0.0,1,0,1
E,E_DIDC4G,OCGT,_H,51.6275582136788,-1.2662002610096,RWE Generation UK plc,Didcot OCGT Power Station,Production (P),Production (P),0.0208273,25.0,0.0,1,0,1
E,E_LSTWY-1,OTHER,_H,54.9840545649796,-1.71221431999841,Conrad Energy (Trading),DEFAULT__H,Consumption (C),Consumption (C),0.0208273,12.72,-1.0,1,1,1
T,T_RMPNO-2,WIND,_H,50.7074218713916,-0.218465390575314,Rampion Offshore Windfarm Ltd,Non-TrUnit,Dynamic,Production (P),0.0221547,200.1,-10.7,0,0,1
T,T_RMPNO-1,WIND,_H,50.7074218713916,-0.218465390575314,Rampion Offshore Windfarm Ltd,Non-TrUnit,Dynamic,Production (P),0.0221547,200.1,-10.7,0,0,1
E,E_DBFRM-1,OTHER,_H,51.2109881096262,-1.49350182273597,Conrad Energy (Trading),DEFAULT__H,Consumption (C),Consumption (C),0.0208273,20.0,-1.0,1,1,1
2,2__HANGE002,BATTERY,_H,51.6055840629742,-2.00339866271294,Limejump Energy Limited,DEFAULT__H,Dynamic,Consumption (C),0.0208273,50.0,-39.546,0,1,1
2,2__HLOND001,BATTERY,_H,51.2109881096262,-1.49350182273597,EDF Energy Customers Ltd,DEFAULT__H,Dynamic,Consumption (C),0.0250176,30.0,-35.708,0,1,1
E,E_BURGH-1,CCGT,_H,51.4304344021041,-1.00445865580484,SSEPG (Operations) Ltd,DEFAULT__H,Production (P),Production (P),0.0250176,96.0,-0.074,1,1,1
E,E_CHICK-1,CCGT,_H,50.6231434195125,-2.48958450722949,SSEPG (Operations) Ltd,DEFAULT__H,Production (P),Production (P),0.0250176,96.0,-0.074,1,1,1
2,2__HANGE004,BATTERY,_H,51.6055840629742,-2.00339866271294,Limejump Energy Limited,DEFAULT__H,Dynamic,Consumption (C),0.0208273,48.977,-51.835,0,1,1
2,2__HANGE005,OTHER,_H,51.6055840629742,-2.00339866271294,Limejump Energy Limited,DEFAULT__H,Dynamic,Consumption (C),0.0208273,5.88,0.0,0,1,1
E,E_BHOLB-1,BATTERY,_H,50.726363,-1.990098,Tesla Motors Limited,DEFAULT__H,Production (P),Production (P),0.0208273,7.12,-7.426,1,1,1
2,2__HSMAR001,OTHER,_H,51.2109881096262,-1.49350182273597,Smartestenergy Limited,DEFAULT__H,Dynamic,Consumption (C),0.0122856,0.0,0.0,0,1,0
V,V__HHABI001,BATTERY,_H,51.3765082339834,-2.15521098323383,Habitat Energy Limited,Non-TrUnit,Consumption (C),Consumption (C),0.0208273,0.0,0.0,0,0,1
2,2__HFLEX001,OTHER,_H,51.2109881096262,-1.49350182273597,Flexitricity Limited,DEFAULT__H,Dynamic,Consumption (C),0.0208273,49.0,0.0,0,1,1
V,V__HADEL001,OTHER,_H,51.2109881096262,-1.49350182273597,Adela Energy Ltd,Non-TrUnit,Production (P),Production (P),0.0178854,0.0,0.0,0,0,1
T,T_COWB-1,BATTERY,_H,51.7099988737866,-1.18940202818653,Pivoted Power LLP,Non-TrUnit,Consumption (C),Consumption (C),0.0208273,49.598,-49.762,1,0,1
2,2__HSMAE001,OTHER,_H,51.2109881096262,-1.49350182273597,Smartestenergy Limited,DEFAULT__H,Dynamic,Consumption (C),0.0208273,15.748,0.0,0,1,1
2,2__HSTAT001,BATTERY,_H,51.2109881096262,-1.49350182273597,Statkraft Markets Gmbh,DEFAULT__H,Dynamic,Consumption (C),0.0250176,50.0,-50.0,0,1,1
V,V__HWELS001,OTHER,_H,51.2109881096262,-1.49350182273597,Welsh Power Group Limited,Non-TrUnit,Production (P),Production (P),0.0208273,0.0,0.0,0,0,1
V,V__HWELS002,OTHER,_H,51.2109881096262,-1.49350182273597,Welsh Power Group Limited,Non-TrUnit,Production (P),Production (P),0.0208273,0.0,0.0,0,0,1
E,E_HAWKB-1,BATTERY,_H,51.0151213917745,-2.20495475779031,Tesla Motors Limited,DEFAULT__H,Consumption (C),Consumption (C),0.0208273,20.0,-20.0,1,1,1
2,2__HSTAT002,BATTERY,_H,51.2109881096262,-1.49350182273597,Statkraft Markets Gmbh,DEFAULT__H,Dynamic,Consumption (C),0.0208273,50.0,-50.0,0,1,1
E,E_SEVINGTN,OTHER,_J,51.1302378129524,0.910112081868659,UK Power Reserve Limited,DEFAULT__J,Consumption (C),Consumption (C),0.0221547,10.3,0.0,1,1,1
E,E_SHOS-1,CCGT,_J,50.8295106350018,-0.229161098993493,VPI Power Limited,Non-TrUnit,Dynamic,Production (P),0.0221547,460.0,-16.0,0,0,1
T,T_DAMC-1,CCGT,_J,51.4256497569671,0.600554822524471,VPI Power Limited,Non-TrUnit,Dynamic,Production (P),0.0221547,820.0,-12.0,0,0,1
T,T_GRAI1G,OCGT,_J,51.4432444126366,0.707687619724854,Uniper UK Limited,GRAIN PS TRADING UNIT,Dynamic,Production (P),0.0221547,30.0,0.0,0,0,1
T,T_GRAI4G,OCGT,_J,51.4432444126366,0.707687619724854,Uniper UK Limited,GRAIN PS TRADING UNIT,Dynamic,Production (P),0.0221547,29.67,0.0,0,0,1
T,T_MEDP-1,CCGT,_J,51.4399284128095,0.69090646649763,Medway Power Ltd,Non-TrUnit,Dynamic,Production (P),0.0221547,750.0,-30.0,0,0,1
T,T_GRAI-6,CCGT,_J,51.4435456550249,0.707774546501135,Uniper UK Limited,GRAIN PS TRADING UNIT,Dynamic,Production (P),0.0221547,468.0,-14.0,0,0,1
T,T_GRAI-7,CCGT,_J,51.4435456550249,0.707774546501135,Uniper UK Limited,GRAIN PS TRADING UNIT,Dynamic,Production (P),0.0221547,468.0,-14.0,0,0,1
T,T_GRAI-8,CCGT,_J,51.4435456550249,0.707774546501135,Uniper UK Limited,GRAIN PS TRADING UNIT,Dynamic,Production (P),0.0221547,468.0,-14.0,0,0,1
T,T_LARYW-1,WIND,_J,51.65,1.36,London Array Limited,Non-TrUnit,Dynamic,Production (P),0.0221547,171.0,-10.32,0,0,1
T,T_LARYW-2,WIND,_J,51.65,1.36,London Array Limited,Non-TrUnit,Dynamic,Production (P),0.0221547,171.0,-10.56,0,0,1
T,T_LARYW-3,WIND,_J,51.65,1.36,London Array Limited,Non-TrUnit,Dynamic,Production (P),0.0221547,171.0,-10.56,0,0,1
T,T_LARYW-4,WIND,_J,51.65,1.36,London Array Limited,Non-TrUnit,Dynamic,Production (P),0.0221547,171.0,-10.56,0,0,1
T,T_THNTO-1,WIND,_J,51.4299,1.6334,Thanet Offshore Wind Limited,Non-TrUnit,Dynamic,Production (P),0.0221547,287.699,-3.0,0,0,1
T,T_THNTO-2,WIND,_J,51.4206,1.5927,Thanet Offshore Wind Limited,Non-TrUnit,Dynamic,Production (P),0.0221547,230.159,-3.0,0,0,1
2,2__JUKPR001,OTHER,_J,51.1480059423087,0.327831772743586,UK Power Reserve Limited,DEFAULT__J,Dynamic,Consumption (C),0.0221547,31.0,-2.0,0,1,1
T,T_KEMB-1,BATTERY,_J,51.3670238988198,0.758867811877129,EDF Energy Customers Ltd,Non-TrUnit,Consumption (C),Consumption (C),0.0221547,49.0,-49.2,1,0,1
2,2__JSTAT001,OTHER,_J,51.1480059423087,0.327831772743586,Statkraft Markets Gmbh,DEFAULT__J,Dynamic,Consumption (C),0.0221547,22.0,-2.0,0,1,1
2,2__JSTAT002,BATTERY,_J,51.1480059423087,0.327831772743586,Statkraft Markets Gmbh,DEFAULT__J,Dynamic,Consumption (C),0.0221547,6.0,-8.0,0,1,1
E,E_CONTB-1,BATTERY,_J,50.9559442809369,-0.16216950005531,Tesla Motors Limited,DEFAULT__J,Production (P),Production (P),0.0221547,35.8,-34.445,1,1,1
E,E_CROYD-2,CCGT,_J,51.3766387578017,-0.116228594841738,Whitetower Energy Limited,DEFAULT__J,Production (P),Production (P),0.0221547,50.0,-6.0,1,1,1
V,V__JZENO001,BATTERY,_J,50.9748881368742,-0.227617156389024,BESS Holdco 2 Limited,Non-TrUnit,Dynamic,Consumption (C),0.0221547,0.0,0.0,0,0,1
E,E_ABERDARE,CCGT,_K,51.6974957021573,-3.41620759431236,UK Power Reserve Limited,DEFAULT__K,Consumption (C),Consumption (C),0.0055696,15.44,0.0,1,1,1
E,E_SOLUTIA,OTHER,_K,51.5901399504758,-3.00007510437639,UK Power Reserve Limited,DEFAULT__K,Consumption (C),Consumption (C),0.0055696,15.8,0.0,1,1,1
T,T_PEMB-11,CCGT,_K,51.6830030801772,-4.99486537080063,RWE Generation UK plc,Pembroke Power Station,Dynamic,Production (P),0.0055696,475.0,-11.0,0,0,1
T,T_PEMB-21,CCGT,_K,51.6830030801772,-4.99486537080063,RWE Generation UK plc,Pembroke Power Station,Dynamic,Production (P),0.0055696,475.0,-11.0,0,0,1
T,T_PEMB-31,CCGT,_K,51.6830030801772,-4.99486537080063,RWE Generation UK plc,Pembroke Power Station,Dynamic,Production (P),0.0055696,475.0,-11.0,0,0,1
T,T_PEMB-41,CCGT,_K,51.6830030801772,-4.99486537080063,RWE Generation UK plc,Pembroke Power Station,Dynamic,Production (P),0.0055696,475.0,-11.0,0,0,1
T,T_PEMB-51,CCGT,_K,51.6830030801772,-4.99486537080063,RWE Generation UK plc,Pembroke Power Station,Dynamic,Production (P),0.0055696,475.0,-11.0,0,0,1
T,T_PNYCW-1,WIND,_K,51.6981734483921,-3.53207005728245,Pen y Cymoedd Wind Farm LTD,PYC Trading Unit,Dynamic,Production (P),0.0055696,228.0,-17.16,0,0,1
E,E_ALCOA-1,OTHER,_K,51.9057872187964,-3.77942091780911,Conrad Energy (Trading),DEFAULT__K,Consumption (C),Consumption (C),0.0055696,40.5,-1.1,1,1,1
T,T_PNYCB-1,BATTERY,_K,51.7072217980722,-3.5853900400384,Arenko Cleantech Limited,PYC Trading Unit,Dynamic,Production (P),0.0055696,22.0,-22.0,0,0,1
2,2__KANGE001,OTHER,_K,51.9057872187964,-3.77942091780911,Limejump Energy Limited,DEFAULT__K,Dynamic,Consumption (C),0.0055696,50.0,0.0,0,1,1
2,2__KUKPR001,OTHER,_K,51.9057872187964,-3.77942091780911,UK Power Reserve Limited,DEFAULT__K,Dynamic,Consumption (C),0.0055696,108.0,-2.0,0,1,1
V,V__KGAZP001,OTHER,_K,51.7594384115167,-3.2854947062566,SEFE Marketing & Trading LTD,Non-TrUnit,Consumption (C),Consumption (C),0.0073762,0.0,0.0,0,0,1
V,V__KGAZP002,OTHER,_K,51.9487864890175,-3.39117519667584,SEFE Marketing & Trading LTD,Non-TrUnit,Consumption (C),Consumption (C),0.0014133,0.0,0.0,0,0,1
2,2__KFLEX001,OTHER,_K,51.9057872187964,-3.77942091780911,Flexitricity Limited,DEFAULT__K,Dynamic,Consumption (C),0.0055696,49.0,0.0,0,1,1
V,V__KWELS001,OTHER,_K,51.9057872187964,-3.77942091780911,Welsh Power Group Limited,Non-TrUnit,Production (P),Production (P),0.0055696,0.0,0.0,0,0,1
V,V__KWELS002,OTHER,_K,51.9057872187964,-3.77942091780911,Welsh Power Group Limited,Non-TrUnit,Production (P),Production (P),0.0055696,0.0,0.0,0,0,1
2,2__KSTAT001,OTHER,_K,51.9057872187964,-3.77942091780911,Statkraft Markets Gmbh,DEFAULT__K,Dynamic,Consumption (C),0.0055696,8.0,0.0,0,1,1
E,E_BRIDGWTR,OTHER,_L,51.1308544097575,-3.00986547351759,UK Power Reserve Limited,DEFAULT__L,Consumption (C),Consumption (C),0.0153557,10.18,0.0,1,1,1
T,T_INDQ-1,OCGT,_L,50.3968418399155,-4.89909013753873,Indian Queens Power Ltd,Non-TrUnit,Dynamic,Production (P),0.0153557,140.08,-5.0,0,0,1
T,T_SEAB-1,CCGT,_L,51.5394860064905,-2.67015297397422,Seabank Power Limited,Non-TrUnit,Dynamic,Production (P),0.0,406.0,-11.0,0,0,1
T,T_SEAB-2,CCGT,_L,51.5394860064905,-2.67015297397422,Seabank Power Limited,Seabank Power Station,Dynamic,Production (P),0.0153557,406.0,-11.0,0,0,1
T,T_LAGA-1,CCGT,_L,50.3884951648231,-4.01096244705795,EP UK INVESTMENTS LIMITED,Non-TrUnit,Dynamic,Production (P),0.0153557,905.0,-30.0,0,0,1
E,E_TDRVE-1,OTHER,_L,50.7351855530629,-3.90967377076824,Conrad Energy (Trading),DEFAULT__L,Consumption (C),Consumption (C),0.0153557,6.0,-1.0,1,1,1
E,E_WTRLN-1,OTHER,_L,50.7351855530629,-3.90967377076824,Conrad Energy (Trading),DEFAULT__L,Consumption (C),Consumption (C),0.0153557,20.0,-1.0,1,1,1
T,T_FSDLW-1,WIND,_L,55.7733030668119,-5.46396604872735,Freasdail Energy Limited,Non-TrUnit,Dynamic,Production (P),-0.0351173,22.2,-0.4,0,0,1
2,2__LANGE001,BATTERY,_L,50.7351855530629,-3.90967377076824,Limejump Energy Limited,DEFAULT__L,Dynamic,Consumption (C),0.0153557,65.0,-25.727,0,1,1
2,2__LSTAT001,OTHER,_L,50.7351855530629,-3.90967377076824,Statkraft Markets Gmbh,DEFAULT__L,Dynamic,Consumption (C),0.0153557,20.0,-2.0,0,1,1
V,V__LFLEX001,BATTERY,_L,50.7351855530629,-3.90967377076824,Flexitricity Limited,Non-TrUnit,Consumption (C),Consumption (C),0.0153557,0.0,0.0,0,0,1
2,2__LUKPR001,OTHER,_L,50.7351855530629,-3.90967377076824,UK Power Reserve Limited,DEFAULT__L,Dynamic,Consumption (C),0.0153557,40.0,-2.0,0,1,1
2,2__LECOT003,OTHER,_L,50.7351855530629,-3.90967377076824,The Renewable Energy Co Ltd,DEFAULT__L,Dynamic,Consumption (C),0.0153557,6.94,0.0,0,1,1
V,V__LCEND001,WIND,_L,50.5907423171247,-5.60171669087776,Centrica Business Solutions UK,Non-TrUnit,Production (P),Production (P),0.0153557,0.0,0.0,0,0,1
E,E_EXETR-2,OTHER,_L,51.3765234622632,-0.116244867446245,Whitetower Energy Limited,DEFAULT__L,Production (P),Production (P),0.0153557,50.0,-6.0,1,1,1
T,T_DRAXX-1,BIOMASS,_M,53.735770990324,-0.994839112545035,Drax Power Ltd,Drax Power Station,Dynamic,Production (P),-0.0066637,660.0,0.0,0,0,1
T,T_DRAXX-10G,OCGT,_M,53.735770990324,-0.994839112545035,Drax Power Ltd,Drax Power Station,Dynamic,Production (P),-0.0066637,32.728,0.0,0,0,1
T,T_DRAXX-12G,OCGT,_M,53.735770990324,-0.994839112545035,Drax Power Ltd,Drax Power Station,Dynamic,Production (P),-0.0066637,32.0,0.0,0,0,1
T,T_DRAXX-2,BIOMASS,_M,53.735770990324,-0.994839112545035,Drax Power Ltd,Drax Power Station,Dynamic,Production (P),-0.0066637,645.0,0.0,0,0,1
T,T_DRAXX-3,BIOMASS,_M,53.735770990324,-0.994839112545035,Drax Power Ltd,Drax Power Station,Dynamic,Production (P),-0.0066637,651.748,-31.031,0,0,1
T,T_DRAXX-4,BIOMASS,_M,53.735770990324,-0.994839112545035,Drax Power Ltd,Drax Power Station,Dynamic,Production (P),-0.0066637,645.0,-32.48,0,0,1
T,T_DRAXX-5,COAL,_M,53.735770990324,-0.994839112545035,Drax Power Ltd,Drax Power Station,Dynamic,Production (P),-0.0066637,645.0,0.0,0,0,1
T,T_DRAXX-6,COAL,_M,53.735770990324,-0.994839112545035,Drax Power Ltd,Drax Power Station,Dynamic,Production (P),-0.0066637,645.0,-31.945,0,0,1
T,T_DRAXX-9G,OCGT,_M,53.735770990324,-0.994839112545035,Drax Power Ltd,Drax Power Station,Dynamic,Production (P),-0.0066637,32.454,0.0,0,0,1
T,T_HUMR-1,CCGT,_M,53.639913596783,-0.234287523318534,VPI Immingham LLP,IMMINGHAM CHP,Dynamic,Production (P),-0.0066637,1283.0,-30.0,0,0,1
T,T_KEAD-1,CCGT,_M,53.594721,-0.749304,Keadby Generation Limited,Non-TrUnit,Dynamic,Production (P),-0.0066637,764.0,-11.0,0,0,1
T,T_KEADGT-3,OCGT,_M,53.594721,-0.749304,Keadby Generation Limited,Non-TrUnit,Dynamic,Production (P),-0.0066637,30.0,0.0,0,0,1
T,T_KILLPG-1,CCGT,_M,53.6538888106308,-0.256467245830038,Uniper UK Limited,KILLINGHOLME PS TRADING UNIT,Dynamic,Production (P),-0.0066637,311.0,-14.0,0,0,1
T,T_KILLPG-2,CCGT,_M,53.6538888106308,-0.256467245830038,Uniper UK Limited,KILLINGHOLME PS TRADING UNIT,Dynamic,Production (P),-0.0066637,316.0,-6.0,0,0,1
T,T_SCCL-1,CCGT,_M,53.7351874989282,-0.243281209316398,SCCL,SALTEND1,Dynamic,Production (P),-0.0066637,408.2,-10.0,0,0,1
T,T_SCCL-2,CCGT,_M,53.7351874989282,-0.243281209316398,SCCL,SALTEND1,Dynamic,Production (P),-0.0066637,409.1,-10.0,0,0,1
T,T_SCCL-3,CCGT,_M,53.7351874989282,-0.243281209316398,SCCL,SALTEND1,Dynamic,Production (P),-0.0066637,409.3,-20.0,0,0,1
T,T_SHBA-1,CCGT,_M,53.6024536561007,-0.14482869874556,EP UK INVESTMENTS LIMITED,SOUTH HUMBER BANK P/S.,Dynamic,Production (P),-0.0066637,821.4,-10.0,0,0,1
T,T_SHBA-2,CCGT,_M,53.6024536561007,-0.14482869874556,EP UK INVESTMENTS LIMITED,SOUTH HUMBER BANK P/S.,Dynamic,Production (P),-0.0066637,580.0,-10.0,0,0,1
T,T_WBUGT-1,OCGT,_M,53.3602705355264,-0.813504948099536,EDF Energy (Thermal Generation),West Burton A&B Power Stations,Dynamic,Production (P),0.0034544,21.94,0.0,0,0,1
T,T_WBUGT-4,OCGT,_M,53.3602705355264,-0.813504948099536,EDF Energy (Thermal Generation),West Burton A&B Power Stations,Dynamic,Production (P),0.0034544,21.0,0.0,0,0,1
T,T_WBUPS-1,COAL,_M,53.3602705355264,-0.813504948099536,EDF Energy (Thermal Generation),West Burton A&B Power Stations,Dynamic,Production (P),0.0034544,484.0,-30.0,0,0,1
T,T_WBUPS-2,COAL,_M,53.3602705355264,-0.813504948099536,EDF Energy (Thermal Generation),West Burton A&B Power Stations,Dynamic,Production (P),0.0034544,503.7,-30.0,0,0,1
T,T_WBUPS-3,COAL,_M,53.3602705355264,-0.813504948099536,EDF Energy (Thermal Generation),West Burton A&B Power Stations,Dynamic,Production (P),0.0034544,503.0,-30.0,0,0,1
T,T_WBUPS-4,COAL,_M,53.3602705355264,-0.813504948099536,EDF Energy (Thermal Generation),West Burton A&B Power Stations,Dynamic,Production (P),0.0034544,489.0,-30.0,0,0,1
T,T_WBURB-1,CCGT,_M,53.3602705355264,-0.813504948099536,West Burton B Limited,West Burton A&B Power Stations,Dynamic,Production (P),0.0034544,470.0,-60.0,0,0,1
T,T_WBURB-2,CCGT,_M,53.3602705355264,-0.813504948099536,West Burton B Limited,West Burton A&B Power Stations,Dynamic,Production (P),0.0034544,470.0,0.0,0,0,1
T,T_WBURB-3,CCGT,_M,53.3602705355264,-0.813504948099536,West Burton B Limited,West Burton A&B Power Stations,Dynamic,Production (P),0.0034544,470.0,-60.0,0,0,1
T,T_WTMSO-1,WIND,_M,53.8323158010841,0.204040765915748,Westermost Rough Limited,Non-TrUnit,Dynamic,Production (P),-0.0066637,205.0,-40.0,0,0,1
T,T_HMGTO-1,WIND,_M,53.6435498000257,0.2969297386602,RWE Renewables UK Humber Wind,Non-TrUnit,Dynamic,Production (P),-0.0066637,108.0,-6.0,0,0,1
T,T_HMGTO-2,WIND,_M,53.6435498000257,0.2969297386602,RWE Renewables UK Humber Wind,Non-TrUnit,Dynamic,Production (P),-0.0066637,111.0,-6.2,0,0,1
T,T_WBURB-43,BATTERY,_M,53.3602705355264,-0.813504948099536,West Burton B Limited,West Burton A&B Power Stations,Dynamic,Production (P),0.0034544,31.0,-30.338,0,0,1
T,T_WBURB-41,BATTERY,_M,53.3602705355264,-0.813504948099536,West Burton B Limited,West Burton A&B Power Stations,Dynamic,Production (P),0.0034544,31.0,-30.338,0,0,1
T,T_HOWAO-2,WIND,_M,53.9776590966637,0.905244898423267,Hornsea 1 Limited,Non-TrUnit,Dynamic,Production (P),-0.0066637,400.0,-7.26,0,0,1
T,T_HOWAO-3,WIND,_M,53.9776590966637,0.905244898423267,Hornsea 1 Limited,Non-TrUnit,Dynamic,Production (P),-0.0066637,400.0,-7.3,0,0,1
T,T_HOWAO-1,WIND,_M,53.9776590966637,0.905244898423267,Hornsea 1 Limited,Non-TrUnit,Dynamic,Production (P),-0.0066637,400.0,-5.32,0,0,1
2,2__MFLEX001,OTHER,_M,53.6704971649063,-1.07127515507863,Flexitricity Limited,DEFAULT__M,Dynamic,Consumption (C),-0.0066637,49.0,0.0,0,1,1
2,2__MSMAR001,OTHER,_M,53.6704971649063,-1.07127515507863,Smartestenergy Limited,DEFAULT__M,Dynamic,Consumption (C),-0.0083696,0.0,0.0,0,1,0
2,2__MSMAR002,OTHER,_M,53.6704971649063,-1.07127515507863,Smartestenergy Limited,DEFAULT__M,Dynamic,Consumption (C),-0.0083696,0.0,0.0,0,1,0
2,2__MCNDL001,OCGT,_M,53.542245560194,-0.510337078029536,NEAS Energy Ltd.,DEFAULT__M,Dynamic,Consumption (C),-0.0066637,49.0,0.0,0,1,1
2,2__MFLEX002,BATTERY,_M,53.6704971649063,-1.07127515507863,Flexitricity Limited,DEFAULT__M,Dynamic,Consumption (C),-0.0090952,49.0,0.0,0,1,1
2,2__MSTAT001,BATTERY,_M,53.6704971649063,-1.07127515507863,Statkraft Markets Gmbh,DEFAULT__M,Dynamic,Consumption (C),-0.0090952,50.0,-51.021,0,1,1
2,2__MSTAT002,OTHER,_M,53.6704971649063,-1.07127515507863,Statkraft Markets Gmbh,DEFAULT__M,Dynamic,Consumption (C),-0.0066637,50.0,-2.0,0,1,1
T,T_KEAD-2,CCGT,_M,53.594721,-0.749304,Keadby Generation Limited,Non-TrUnit,Dynamic,Production (P),-0.0066637,887.26,-29.0,0,0,1
V,V__MADEL001,OTHER,_M,53.6704971649063,-1.07127515507863,Adela Energy Ltd,Non-TrUnit,Production (P),Production (P),-0.0066637,0.0,0.0,0,0,1
2,2__MSMAE001,OTHER,_M,53.6704971649063,-1.07127515507863,Smartestenergy Limited,DEFAULT__M,Dynamic,Consumption (C),-0.0066637,21.158,0.0,0,1,1
2,2__MSMAE002,OTHER,_M,53.6704971649063,-1.07127515507863,Smartestenergy Limited,DEFAULT__M,Dynamic,Consumption (C),-0.0066637,15.72,0.0,0,1,1
V,V__MEROV001,OTHER,_M,53.6704971649063,-1.07127515507863,Erova Energy Limited,Non-TrUnit,Consumption (C),Consumption (C),-0.0066637,0.0,0.0,0,0,1
2,2__MSTAT003,OTHER,_M,53.6704971649063,-1.07127515507863,Statkraft Markets Gmbh,DEFAULT__M,Dynamic,Consumption (C),-0.0066637,16.0,0.0,0,1,1
E,E_THRNL-1,CCGT,_M,53.6773651786036,-1.65430522684972,Whitetower Energy Limited,DEFAULT__M,Production (P),Production (P),-0.0066637,50.0,-6.0,1,1,1
V,V__MCEND002,OTHER,_M,53.6704971649063,-1.07127515507863,Centrica Business Solutions UK,Non-TrUnit,Production (P),Production (P),-0.0066637,0.0,0.0,0,0,1
E,E_BARNB-1,BATTERY,_M,53.548646,-1.44852,SMS Energy Services Limited,DEFAULT__M,Consumption (C),Consumption (C),-0.0066637,40.0,-40.0,1,1,1
E,E_PILLB-1,BATTERY,_M,53.799902,-0.410639,Tesla Motors Limited,DEFAULT__M,Production (P),Production (P),-0.0066637,49.9,-49.9,1,1,1
T,T_BLLA-1,WIND,_N,55.7833844002214,-3.71792073123343,SP Renewables (UK) Limited,Non-TrUnit,Dynamic,Production (P),-0.0096992,118.0,-3.0,0,0,1
T,T_WHILW-1,WIND,_N,55.67825,-4.278671,SP Renewables (UK) Limited,Non-TrUnit,Dynamic,Production (P),-0.0096992,309.0,-6.0,0,0,1
E,E_MINSW-1,WIND,_N,55.113655,-3.225439,Mobius Renewables Gen. (GB),DEFAULT__N,Consumption (C),Consumption (C),-0.0096992,37.25,-0.26,1,1,1
E,E_DALSW-1,WIND,_N,55.1821998095562,-3.65834336645114,Mobius Renewables Gen. (GB),DEFAULT__N,Consumption (C),Consumption (C),-0.0096992,30.0,-0.14,1,1,1
T,T_DNLWW-1,WIND,_N,55.8169964682833,-2.84629447723892,SP Renewables (UK) Limited,Non-TrUnit,Dynamic,Production (P),-0.0096992,29.75,-2.0,0,0,1
T,T_TDBNW-1,WIND,_N,55.7736971068221,-2.87022886931527,SSE Generation Ltd,Non-TrUnit,Dynamic,Production (P),-0.010788,27.6,-0.1,0,0,1
T,T_CRYRW-2,WIND,_N,55.9149587369924,-2.53893848627462,Crystal Rig II Limited,Non-TrUnit,Dynamic,Production (P),-0.0096992,138.0,-13.48,0,0,1
T,T_CLDSW-1,WIND,_N,55.4472422926051,-3.59846637209265,Clyde Windfarm (Scotland),Non-TrUnit,Dynamic,Production (P),-0.0096992,150.0,-5.0,0,0,1
T,T_ARCHW-1,WIND,_N,55.0847215058462,-4.86319035423388,SP Renewables (UK) Limited,Non-TrUnit,Dynamic,Production (P),-0.0096992,114.0,-3.0,0,0,1
T,T_MKHLW-1,WIND,_N,55.1305479105383,-4.74603326137112,SP Renewables (UK) Limited,Non-TrUnit,Dynamic,Production (P),-0.0096992,53.0,-2.5,0,0,1
T,T_CLDCW-1,WIND,_N,55.4472422926051,-3.59846637209265,Clyde Windfarm (Scotland),Non-TrUnit,Dynamic,Production (P),-0.0096992,200.0,-5.0,0,0,1
T,T_CLDNW-1,WIND,_N,55.4472422926051,-3.59846637209265,Clyde Windfarm (Scotland),Non-TrUnit,Dynamic,Production (P),-0.0096992,200.0,-10.0,0,0,1
T,T_WHILW-2,WIND,_N,55.67825,-4.278671,SP Renewables (UK) Limited,Non-TrUnit,Dynamic,Production (P),-0.0096992,206.0,-3.5,0,0,1
T,T_FALGW-1,WIND,_N,55.8251685741974,-2.66444035517135,Fallago Rig Wind Farm Limited,Non-TrUnit,Dynamic,Production (P),-0.0096992,144.0,-2.5,0,0,1
T,T_HRSTW-1,WIND,_N,55.2647764660269,-3.56236876714558,SP Renewables (UK) Limited,Non-TrUnit,Dynamic,Production (P),-0.0096992,142.3,-3.0,0,0,1
T,T_BLLA-2,WIND,_N,55.7838123425115,-3.71791003986865,SP Renewables (UK) Limited,Non-TrUnit,Dynamic,Production (P),-0.0096992,69.0,-2.5,0,0,1
E,E_ASLVW-1,WIND,_N,55.2233367295598,-4.82541457906469,Npower Commercial Gas Limited,DEFAULT__N,Consumption (C),Consumption (C),-0.0096992,26.0,-6.0,1,1,1
T,T_DRSLW-1,WIND,_N,55.3192426821716,-4.46968830405667,SP Renewables (UK) Limited,Non-TrUnit,Dynamic,Production (P),-0.0096992,69.0,-2.5,0,0,1
E,E_ASHWW-1,WIND,_N,55.5293243449774,-3.79974913207111,Statkraft Markets Gmbh,DEFAULT__N,Production (P),Production (P),-0.0096992,35.0,-1.0,1,1,1
T,T_CRYRW-3,WIND,_N,55.9045142216411,-2.54292644526458,Crystal Rig 3 Limited,Non-TrUnit,Production (P),Production (P),-0.0096992,13.8,-0.1,1,0,1
T,T_KLGLW-1,WIND,_N,55.0330425549583,-4.76716353407201,SP Renewables (UK) Limited,Non-TrUnit,Dynamic,Production (P),-0.0096992,228.0,-2.0,0,0,1
T,T_EWHLW-1,WIND,_N,55.1469201400895,-3.17885638237079,SP Renewables (UK) Limited,Non-TrUnit,Dynamic,Production (P),-0.010788,37.0,-2.0,0,0,1
E,E_ABRTW-1,WIND,_N,55.623336,-3.990532,Npower Commercial Gas Limited,DEFAULT__N,Consumption (C),Consumption (C),-0.0096992,36.0,-10.0,1,1,1
T,T_MYGPW-1,WIND,_N,55.2535235702828,-3.52880208893993,Minnygap Energy Limited,Non-TrUnit,Dynamic,Production (P),-0.0096992,25.0,-0.4,0,0,1
T,T_WISTW-2,WIND,_N,55.2456416430069,-4.30795607162144,BROCKLOCH RIG WINDFARM LTD,Non-TrUnit,Dynamic,Production (P),-0.010788,61.5,0.0,0,0,1
T,T_AKGLW-2,WIND,_N,55.907521,-2.542623,Aikengall 2 CWCL,Non-TrUnit,Dynamic,Production (P),-0.0096992,63.84,0.0,0,0,1
2,2__NHPOW001,OTHER,_N,55.4692643045037,-3.73632508690197,Drax Energy Solutions Limited,DEFAULT__N,Dynamic,Consumption (C),-0.0096992,25.0,0.0,0,1,1
T,T_BLKWW-1,WIND,_N,55.1201042743037,-4.02998927384781,Blackcraig Wind Farm Limited,Non-TrUnit,Dynamic,Production (P),-0.0096992,52.9,-0.8,0,0,1
T,T_SANQW-1,WIND,_N,55.3460868765354,-4.02530652290678,SANQUHAR CWCL,Non-TrUnit,Dynamic,Production (P),-0.0096992,32.08,0.0,0,0,1
T,T_AFTOW-1,WIND,_N,55.312341,-4.166516,Afton Wind Farm Limited,Non-TrUnit,Production (P),Production (P),-0.0096992,50.0,-2.0,1,0,1
T,T_WHIHW-1,WIND,_N,55.3574,-4.0294,Whiteside Hill,Non-TrUnit,Dynamic,Production (P),-0.0096992,27.52,-0.1,0,0,1
T,T_MIDMW-1,WIND,_N,55.5143298184402,-3.80325576801297,Banks Renewable Limited,Non-TrUnit,Dynamic,Production (P),-0.0096992,51.0,-1.0,0,0,1
E,E_CRGTW-1,WIND,_N,55.1811603707637,-3.04998984182136,British Gas Trading Ltd,DEFAULT__N,Production (P),Production (P),-0.0096992,4.7,-0.2,1,1,1
T,T_KPMRW-1,WIND,_N,55.6595058836082,-4.05586361808322,Banks Renewable Limited,Non-TrUnit,Dynamic,Production (P),-0.0096992,89.0,-2.0,0,0,1
2,2__NANGE001,OTHER,_N,55.4692643045037,-3.73632508690197,Limejump Energy Limited,DEFAULT__N,Dynamic,Consumption (C),-0.0096992,50.0,0.0,0,1,1
2,2__NANGE002,OTHER,_N,55.4692643045037,-3.73632508690197,Limejump Energy Limited,DEFAULT__N,Dynamic,Consumption (C),-0.0096992,57.026,-17.02,0,1,1
T,T_CRDEW-1,WIND,_N,55.1944176851704,-3.16947541771134,Crossdykes WF Limited,Non-TrUnit,Dynamic,Production (P),-0.0096992,23.764,-0.2,0,0,1
T,T_CRDEW-2,WIND,_N,55.1944176851704,-3.16947541771134,Crossdykes WF Limited,Non-TrUnit,Dynamic,Production (P),-0.0096992,23.327,-0.2,0,0,1
V,V__NFLEX001,OTHER,_N,55.4692643045037,-3.73632508690197,Flexitricity Limited,Non-TrUnit,Consumption (C),Consumption (C),-0.0096992,0.0,0.0,0,0,1
2,2__NFLEX001,BATTERY,_N,55.4692643045037,-3.73632508690197,Flexitricity Limited,DEFAULT__N,Dynamic,Consumption (C),-0.010788,49.0,0.0,0,1,1
T,T_WDRGW-1,WIND,_N,55.2747,-4.1786,Windy Rig Wind Farm Limited,Non-TrUnit,Dynamic,Production (P),-0.0096992,42.8,-0.76,0,0,1
T,T_DOUGW-1,WIND,_N,55.5745951654664,-3.85707226094901,Erova Energy Limited,Non-TrUnit,Dynamic,Production (P),-0.0096992,45.0,-0.532,0,0,1
T,T_AKGLW-3,WIND,_N,55.907521,-2.542623,Aikengall IIA CWC Limited,Non-TrUnit,Dynamic,Production (P),-0.0096992,163.4,-1.0,0,0,1
T,T_TWSHW-1,WIND,_N,55.3474484279444,-3.88054021704906,Twentyshilling Limited,Non-TrUnit,Dynamic,Production (P),-0.0096992,37.8,-7.324,0,0,1
E,E_BLARW-1,WIND,_N,55.5699682647808,-5.62270151880709,Erova Energy Limited,DEFAULT__P,Consumption (C),Consumption (C),-0.0351173,70.0,0.0,1,1,1
2,2__NSTAT001,OTHER,_N,55.4692643045037,-3.73632508690197,Statkraft Markets Gmbh,DEFAULT__N,Dynamic,Consumption (C),-0.0096992,20.0,-2.0,0,1,1
T,T_WHLWB-1,BATTERY,_N,55.6954057451811,-4.17311540787816,SP Renewables (UK) Limited,Non-TrUnit,Dynamic,Consumption (C),-0.0096992,50.2,-50.2,0,0,1
T,T_KENNW-1,WIND,_N,55.4909146445575,-3.91668796309892,Kennoxhead Wind Farm Limited,Non-TrUnit,Dynamic,Production (P),-0.0096992,60.0,-0.1,0,0,1
2,2__NFLEX003,OTHER,_N,55.4692643045037,-3.73632508690197,Flexitricity Limited,DEFAULT__N,Dynamic,Consumption (C),-0.0096992,49.0,0.0,0,1,1
2,2__NFLEX004,OTHER,_N,55.4692643045037,-3.73632508690197,Flexitricity Limited,DEFAULT__N,Dynamic,Consumption (C),-0.0096992,49.0,0.0,0,1,1
2,2__NFSEN007,BATTERY,_N,55.4692643045037,-3.73632508690197,F & S Energy Ltd,DEFAULT__N,Dynamic,Consumption (C),-0.0096992,30.674,-29.519,0,1,1
2,2__NFLEX005,OTHER,_N,55.4692643045037,-3.73632508690197,Flexitricity Limited,DEFAULT__N,Dynamic,Consumption (C),-0.0096992,49.0,0.0,0,1,1
2,2__NFLEX006,OTHER,_N,55.4692643045037,-3.73632508690197,Flexitricity Limited,DEFAULT__N,Dynamic,Consumption (C),-0.0096992,49.0,0.0,0,1,1
2,2__NFLEX007,OTHER,_N,55.4692643045037,-3.73632508690197,Flexitricity Limited,DEFAULT__N,Dynamic,Consumption (C),-0.0096992,49.0,0.0,0,1,1
2,2__NSTAT002,OTHER,_N,55.4692643045037,-3.73632508690197,Statkraft Markets Gmbh,DEFAULT__N,Dynamic,Consumption (C),-0.0096992,20.0,0.0,0,1,1
M,M_CAS-BEU01,NPSHYD,_P,57.44,-4.55,SSE Generation Ltd,Non-TrUnit,Dynamic,Production (P),-0.0351173,91.0,0.0,0,0,1
M,M_CAS-CLU01,NPSHYD,_P,56.7170519422194,-3.77792164677669,SSE Generation Ltd,Non-TrUnit,Dynamic,Production (P),-0.0351173,76.2,0.0,0,0,1
M,M_CAS-CON01,NPSHYD,_P,57.61954413416,-4.83159697976469,SSE Generation Ltd,Non-TrUnit,Dynamic,Production (P),-0.0351173,90.0,0.0,0,0,1
M,M_CAS-GAR01,NPSHYD,_P,57.0632146909121,-5.12392896486729,SSE Generation Ltd,Non-TrUnit,Dynamic,Production (P),-0.0351173,40.0,0.0,0,0,1
M,M_CAS-KIL01,NPSHYD,_P,56.4902210403779,-4.35869327005366,SSE Generation Ltd,Non-TrUnit,Dynamic,Production (P),-0.0351173,70.0,0.0,0,0,1
M,M_CAS-MOR01,NPSHYD,_P,57.1417865187992,-4.9605628334098,SSE Generation Ltd,Non-TrUnit,Dynamic,Production (P),-0.0351173,74.0,0.0,0,0,1
M,M_SLOY-1,NPSHYD,_P,56.2620099232539,-4.76153100470365,SSE Generation Ltd,Non-TrUnit,Dynamic,Production (P),-0.0351173,50.0,0.0,0,0,1
M,M_SLOY-4,NPSHYD,_P,56.2620099232539,-4.76153100470365,SSE Generation Ltd,Non-TrUnit,Dynamic,Production (P),-0.0351173,40.0,0.0,0,0,1
T,T_CRUA-1,PS,_P,56.4067720761094,-5.11277777229641,Drax Pumped Storage Limited,Cruachan Power Station,Dynamic,Consumption (C),-0.0096992,123.0,-134.0,0,0,1
T,T_CRUA-2,PS,_P,56.4067720761094,-5.11277777229641,Drax Pumped Storage Limited,Cruachan Power Station,Dynamic,Consumption (C),-0.0096992,124.76,-134.0,0,0,1
T,T_CRUA-3,PS,_P,56.4067720761094,-5.11277777229641,Drax Pumped Storage Limited,Cruachan Power Station,Dynamic,Consumption (C),-0.0096992,100.0,-120.0,0,0,1
T,T_CRUA-4,PS,_P,56.4067720761094,-5.11277777229641,Drax Pumped Storage Limited,Cruachan Power Station,Dynamic,Consumption (C),-0.0096992,104.0,-120.0,0,0,1
T,T_ERRO-1,NPSHYD,_P,56.7091550005224,-4.00651161630979,SSE Generation Ltd,Non-TrUnit,Dynamic,Production (P),-0.0351173,25.0,0.0,0,0,1
T,T_ERRO-2,NPSHYD,_P,56.7091550005224,-4.00651161630979,SSE Generation Ltd,Non-TrUnit,Dynamic,Production (P),-0.0351173,25.0,0.0,0,0,1
T,T_ERRO-3,NPSHYD,_P,56.7091550005224,-4.00651161630979,SSE Generation Ltd,Non-TrUnit,Dynamic,Production (P),-0.0351173,25.0,0.0,0,0,1
T,T_FASN-1,NPSHYD,_P,57.3259047865696,-4.79433491945011,SSE Generation Ltd,Non-TrUnit,Dynamic,Production (P),-0.0351173,23.0,0.0,0,0,1
T,T_FINL-1,NPSHYD,_P,56.4846213134188,-4.36345243675219,SSE Generation Ltd,Non-TrUnit,Dynamic,Production (P),-0.0351173,16.5,0.0,0,0,1
T,T_FOYE-1,PS,_P,57.2621955179856,-4.48374087025742,SSE Generation Ltd,FOYERS POWER STATION,Dynamic,Production (P),-0.0351173,160.0,-156.0,0,0,1
T,T_FOYE-2,PS,_P,57.2621955179856,-4.48374087025742,SSE Generation Ltd,FOYERS POWER STATION,Dynamic,Production (P),-0.0351173,160.0,-156.0,0,0,1
T,T_NANT-1,NPSHYD,_P,56.3380951653677,-5.21147177642463,SSE Generation Ltd,Non-TrUnit,Dynamic,Production (P),-0.0351173,20.0,0.0,0,0,1
T,T_PEHE-1,CCGT,_P,57.4782331799237,-1.78829496832225,SSE Thermal Generation,Non-TrUnit,Dynamic,Production (P),-0.0351173,1200.0,0.0,0,0,1
T,T_SLOY-2,NPSHYD,_P,56.2620099232539,-4.76153100470365,SSE Generation Ltd,Non-TrUnit,Dynamic,Production (P),-0.0351173,40.87,0.0,0,0,1
T,T_SLOY-3,NPSHYD,_P,56.2620099232539,-4.76153100470365,SSE Generation Ltd,Non-TrUnit,Dynamic,Production (P),-0.0351173,40.752,0.0,0,0,1
E,E_GLOFW-1,WIND,_P,57.4101662710119,-2.65022638880399,Glens of Foudland Ltd,DEFAULT__P,Consumption (C),Consumption (C),-0.0351173,26.7,-2.0,1,1,1
E,E_FASN-3,NPSHYD,_P,57.3261048539113,-4.79422833118048,SSE Generation Ltd,DEFAULT__P,Production (P),Production (P),-0.0351173,23.53,0.0,1,1,1
T,T_FASN-2,NPSHYD,_P,57.3259047865696,-4.79433491945011,SSE Generation Ltd,Non-TrUnit,Dynamic,Production (P),-0.0351173,23.0,0.0,0,0,1
T,T_FARR-1,WIND,_P,57.342781045029,-4.15925440771523,Smartestenergy Limited,Non-TrUnit,Consumption (C),Consumption (C),-0.0351173,92.0,-14.0,1,0,1
T,T_FARR-2,WIND,_P,57.342781045029,-4.15925440771523,Smartestenergy Limited,Non-TrUnit,Consumption (C),Consumption (C),-0.0351173,92.0,-14.0,1,0,1
E,E_CLAC-1,NPSHYD,_P,56.2779229532601,-4.92134269786069,SSE Generation Ltd,DEFAULT__P,Production (P),Production (P),-0.0351173,41.41,0.0,1,1,1
T,T_HADHW-1,WIND,_P,55.2510499437337,-4.70652726419515,SSE Renewables Wind Farms,Non-TrUnit,Dynamic,Production (P),-0.0096992,130.0,-66.0,0,0,1
E,E_BETHW-1,WIND,_P,57.800927,-4.329937,SP Renewables (UK) Limited,DEFAULT__P,Production (P),Production (P),-0.0351173,29.75,-5.7,1,1,1
E,E_FASN-4,NPSHYD,_P,57.3261048539113,-4.79422833118048,SSE Generation Ltd,DEFAULT__P,Production (P),Production (P),-0.0351173,8.0,0.0,1,1,1
E,E_BRDUW-1,WIND,_P,56.2779289206536,-4.06224010243241,Erova Energy Limited,DEFAULT__P,Consumption (C),Consumption (C),-0.0351173,74.0,-1.0,1,1,1
T,T_KILBW-1,WIND,_P,57.6906800211035,-2.00470292328609,Kilbraur Wind Energy Ltd,Non-TrUnit,Production (P),Production (P),-0.0351173,68.51,-1.0,1,0,1
T,T_MILWW-1,WIND,_P,57.1541089798326,-4.8696476003393,Millennium Wind Energy Ltd,Non-TrUnit,Production (P),Production (P),-0.0351173,65.0,-1.0,1,0,1
T,T_GLNDO-1,NPSHYD,_P,57.1425722533809,-4.64255651595499,SSE Generation Ltd,Non-TrUnit,Dynamic,Production (P),-0.0351173,100.0,-6.0,0,0,1
E,E_CLFLW-1,WIND,_P,56.2872085753864,-4.95500232081201,SP Renewables (UK) Limited,DEFAULT__P,Production (P),Production (P),-0.0351173,15.0,-2.0,1,1,1
T,T_EDINW-1,WIND,_P,57.4099701876226,-6.41799676194226,Vattenfall Wind Power Ltd,Non-TrUnit,Production (P),Production (P),-0.0351173,41.4,-0.34,1,0,1
T,T_ANSUW-1,WIND,_P,56.2191621764841,-5.21965299745438,Statkraft Markets Gmbh,Non-TrUnit,Production (P),Production (P),-0.0351173,19.36,-0.12,1,0,1
T,T_GRIFW-1,WIND,_P,56.576094,-3.73961,Griffin Wind Farm Ltd,Non-TrUnit,Dynamic,Production (P),-0.0351173,102.0,-5.0,0,0,1
T,T_GRIFW-2,WIND,_P,56.576094,-3.73961,Griffin Wind Farm Ltd,Non-TrUnit,Dynamic,Production (P),-0.0351173,102.0,-5.0,0,0,1
E,E_BTUIW-2,WIND,_P,55.5557637875899,-5.57659580342367,SP Renewables (UK) Limited,DEFAULT__P,Production (P),Production (P),-0.0351173,43.7,-2.334,1,1,1
T,T_GORDW-1,WIND,_P,58.1124232249298,-3.92594901889758,SSE Generation Ltd,Non-TrUnit,Dynamic,Production (P),-0.0398132,71.5,-0.1,0,0,1
E,E_HLTWW-1,WIND,_P,57.5001785444562,-3.03322296437631,SP Energy Retail Ltd,DEFAULT__P,Production (P),Production (P),-0.0351173,48.0,-1.0,1,1,1
T,T_CRGHW-1,WIND,_P,56.3470520161371,-5.23912120117055,Statkraft Markets Gmbh,Carraig Gheal,Dynamic,Production (P),-0.0351173,46.0,-0.2,0,0,1
E,E_BABAW-1,WIND,_P,58.568706,-3.676014,Statkraft Markets Gmbh,DEFAULT__P,Production (P),Production (P),-0.0351173,52.5,-1.0,1,1,1
E,E_BRYBW-1,WIND,_P,57.4894916700457,-3.54751464685516,Statkraft Markets Gmbh,DEFAULT__P,Production (P),Production (P),-0.0351173,66.7,-0.321,1,1,1
T,T_LCLTW-1,WIND,_P,57.6956167116826,-4.79293721390949,Eneco Energy Trade,Non-TrUnit,Consumption (C),Consumption (C),-0.0351173,69.0,-0.5,1,0,1
E,E_TULWW-2,WIND,_P,56.8339855096625,-2.39290615053581,Eneco Energy Trade,DEFAULT__P,Consumption (C),Consumption (C),-0.0351173,25.0,-0.4,1,1,1
2,2__PSTAT001,WIND,_P,57.5226560763992,-3.42105030758673,Statkraft Markets Gmbh,DEFAULT__P,Consumption (C),Consumption (C),-0.0351173,42.0,0.0,1,1,1
E,E_GDSTW-1,WIND,_P,57.4362318651052,-2.47406981224972,Mobius Renewables Gen. (GB),DEFAULT__P,Consumption (C),Consumption (C),-0.0351173,12.98,-0.088,1,1,1
2,2__PSTAT002,WIND,_P,56.9649810260858,-2.4857458152743,Statkraft Markets Gmbh,DEFAULT__P,Consumption (C),Consumption (C),-0.0351173,76.0,0.0,1,1,1
E,E_CLDRW-1,WIND,_P,57.363367,-2.96384,Vattenfall Energy Trading,DEFAULT__P,Consumption (C),Consumption (C),-0.0351173,37.6,-0.349,1,1,1
T,T_STRNW-1,WIND,_P,58.5103132217071,-4.02102406077269,Strathy Wind Farm Limited,Non-TrUnit,Dynamic,Production (P),-0.0351173,70.0,-2.0,0,0,1
E,E_MOYEW-1,WIND,_P,57.3899078123167,-4.0654219818228,Eneco Energy Trade,DEFAULT__P,Consumption (C),Consumption (C),-0.0351173,60.0,-0.4,1,1,1
T,T_CGTHW-1,WIND,_P,57.186734869327,-4.36755362609915,Corriegarth Wind Energy LTD,Non-TrUnit,Dynamic,Production (P),-0.0351173,69.0,0.0,0,0,1
T,T_DUNGW-1,WIND,_P,57.2401202056123,-4.26847664627098,Dunmaglass Wind Farm Limited,Non-TrUnit,Dynamic,Production (P),-0.0351173,100.0,-2.0,0,0,1
E,E_HRHLW-1,WIND,_P,55.3694336868265,-4.11088977583807,SP Renewables (UK) Limited,DEFAULT__N,Production (P),Production (P),-0.0096992,30.0,-2.0,1,1,1
T,T_CRMLW-1,WIND,_P,57.69743413774,-4.79376572974599,EDF Energy Customers Ltd,Non-TrUnit,Consumption (C),Consumption (C),-0.0351173,46.8,0.0,1,0,1
T,T_GLWSW-1,WIND,_P,55.5346751477325,-3.92180907874332,GALAWHISTLE WIND FARM,Non-TrUnit,Production (P),Production (P),-0.0096992,55.2,-0.72,1,0,1
T,T_COUWW-1,WIND,_P,55.5696470660306,-5.62439843295753,Cour Wind farm (Scotland),Non-TrUnit,Dynamic,Production (P),-0.0351173,20.5,-0.4,0,0,1
T,T_GNAPW-1,WIND,_P,55.0222906814446,-5.00578186396417,SP Renewables (UK) Limited,Non-TrUnit,Dynamic,Production (P),-0.0096992,22.0,-2.0,0,0,1
T,T_BEINW-1,WIND,_P,57.1165469072517,-4.94725680180648,Beinneun Wind Farm Ltd,Non-TrUnit,Dynamic,Production (P),-0.0351173,108.8,-0.8,0,0,1
T,T_BHLAW-1,WIND,_P,57.217764162988,-4.65859996164017,SSE Generation Ltd,Non-TrUnit,Dynamic,Production (P),-0.0351173,108.0,-6.9,0,0,1
2,2__PPGEN003,WIND,_P,58.4076991208032,-3.27360653845174,E.ON UK plc,DEFAULT__P,Consumption (C),Consumption (C),-0.0261238,50.0,-4.0,1,1,0
E,E_BNWKW-1,WIND,_P,58.3505137940427,-3.20504275508685,Eneco Energy Trade,DEFAULT__P,Production (P),Production (P),-0.0351173,22.5,-0.1,1,1,1
E,E_TULWW-1,WIND,_P,56.8339855096625,-2.39290615053581,Eneco Energy Trade,DEFAULT__P,Production (P),Production (P),-0.0351173,17.0,-0.16,1,1,1
E,E_HYWDW-1,WIND,_P,57.5054071652652,-1.69449613689758,HYWINDSC,DEFAULT__P,Production (P),Production (P),-0.0351173,30.0,-0.803,1,1,1
T,T_ABRBO-1,WIND,_P,57.2229987274446,-1.97265043024244,Aberdeen Offshore Wind Farm,Non-TrUnit,Dynamic,Production (P),-0.0351173,99.0,-2.0,0,0,1
T,T_STLGW-1,WIND,_P,57.1445865616146,-4.64422010775487,Stronelairg Windfarm Limited,Non-TrUnit,Dynamic,Production (P),-0.0351173,108.0,-2.0,0,0,1
T,T_STLGW-2,WIND,_P,57.1445865616146,-4.64422010775487,Stronelairg Windfarm Limited,Non-TrUnit,Dynamic,Production (P),-0.0351173,108.0,-2.0,0,0,1
T,T_STLGW-3,WIND,_P,57.1445865616146,-4.64422010775487,Stronelairg Windfarm Limited,Non-TrUnit,Dynamic,Production (P),-0.0351173,108.0,-2.0,0,0,1
E,E_TLYMW-1,WIND,_P,56.670648,-3.292722,Limejump Energy Limited,DEFAULT__P,Consumption (C),Consumption (C),-0.0351173,14.36,-0.16,1,1,1
T,T_DOREW-1,WIND,_P,57.343875,-3.124626,Dorenell Windfarm Limited,Non-TrUnit,Dynamic,Production (P),-0.0351173,156.92,-3.3,0,0,1
T,T_DOREW-2,WIND,_P,57.343875,-3.124626,Dorenell Windfarm Limited,Non-TrUnit,Dynamic,Production (P),-0.0351173,156.92,-3.3,0,0,1
T,T_BEATO-3,WIND,_P,53.8281218548912,-4.46583664187255,Beatrice Offshore Windfarm Ltd,Non-TrUnit,Dynamic,Production (P),-0.0351173,184.0,-3.4,0,0,1
T,T_BEATO-1,WIND,_P,53.8281218548912,-4.46583664187255,Beatrice Offshore Windfarm Ltd,Non-TrUnit,Dynamic,Production (P),-0.0398132,138.0,-2.0,0,0,1
T,T_BEATO-2,WIND,_P,53.8281218548912,-4.46583664187255,Beatrice Offshore Windfarm Ltd,Non-TrUnit,Dynamic,Production (P),-0.0351173,184.0,-2.6,0,0,1
T,T_BEATO-4,WIND,_P,53.8281218548912,-4.46583664187255,Beatrice Offshore Windfarm Ltd,Non-TrUnit,Dynamic,Production (P),-0.0351173,166.0,-3.6,0,0,1
T,T_BDCHW-1,WIND,_P,58.895244030046,-3.26917809614228,RWE Generation UK plc,Non-TrUnit,Dynamic,Production (P),-0.0351173,27.0,-1.0,0,0,1
C,C__PSTAT011,WIND,_P,57.229009244005,-4.07881925119752,Statkraft Markets Gmbh,DEFAULT__P,Dynamic,Consumption (C),-0.0351173,40.0,0.0,0,1,1
2,2__PMARB001,NPSHYD,_P,56.8216520399689,-5.08782233576295,Marble Power Limited,DEFAULT__P,Dynamic,Consumption (C),-0.0398132,80.0,0.0,0,1,1
2,2__PENEC001,WIND,_P,57.5406811380623,-3.42040286849458,Eneco Energy Trade,DEFAULT__P,Dynamic,Consumption (C),-0.0351173,50.6,-0.4,0,1,1
T,T_HALSW-1,WIND,_P,58.4344175226905,-3.4512894304196,SP Renewables (UK) Limited,Non-TrUnit,Dynamic,Production (P),-0.0351173,30.0,-1.0,0,0,1
V,V__PFLEX001,OTHER,_P,57.229009244005,-4.07881925119752,Flexitricity Limited,Non-TrUnit,Consumption (C),Consumption (C),-0.0351173,0.0,0.0,0,0,1
2,2__PENEC002,WIND,_P,57.451162,-3.471751,Eneco Energy Trade,DEFAULT__P,Dynamic,Consumption (C),-0.0351173,64.4,-0.4,0,1,1
2,2__PSMAR001,WIND,_P,58.447304,-3.456137,Smartestenergy Limited,DEFAULT__P,Dynamic,Consumption (C),-0.0351173,0.0,0.0,0,1,0
E,E_BTUIW-3,WIND,_P,55.5557637875899,-5.57659580342367,SP Renewables (UK) Limited,DEFAULT__P,Production (P),Production (P),-0.0398132,50.0,-1.0,1,1,1
2,2__PSMAE001,WIND,_P,57.229009244005,-4.07881925119752,Smartestenergy Limited,DEFAULT__P,Dynamic,Consumption (C),-0.0351173,0.0,0.0,0,1,1
T,T_GORDW-2,WIND,_P,58.112179991687,-3.92712493475039,SSE Generation Ltd,Non-TrUnit,Dynamic,Production (P),-0.0351173,50.0,-1.0,0,0,1
T,T_GLNKW-1,WIND,_P,57.4004304432231,-4.14145605982979,EDF Energy Customers Ltd,Non-TrUnit,Consumption (C),Consumption (C),-0.0351173,48.4,-0.4,1,0,1
T,T_MOWEO-2,WIND,_P,58.0773841661016,-3.12130347561817,Moray Offshore Wind East Ltd,Non-TrUnit,Dynamic,Production (P),-0.0351173,300.0,-5.304,0,0,1
T,T_MOWEO-3,WIND,_P,58.0773841661016,-3.12130347561817,Moray Offshore Wind East Ltd,Non-TrUnit,Dynamic,Production (P),-0.0351173,300.0,-3.304,0,0,1
T,T_MOWEO-1,WIND,_P,58.0773841661016,-3.12130347561817,Moray Offshore Wind East Ltd,Non-TrUnit,Dynamic,Production (P),-0.0351173,300.0,-3.304,0,0,1
2,2__PEDGE003,WIND,_P,58.3570679649465,-3.25437683816489,Edgware Energy Limited,DEFAULT__P,Dynamic,Consumption (C),-0.0351173,50.0,0.0,0,1,1
2,2__PEDGE004,WIND,_P,57.9818166562051,-4.49835656507695,Edgware Energy Limited,DEFAULT__P,Dynamic,Consumption (C),-0.0351173,24.7,0.0,0,1,1
E,E_ARBRB-1,BATTERY,_P,56.5638872977445,-2.62010094960605,Statkraft Markets Gmbh,Non-TrUnit,Dynamic,Consumption (C),-0.0351173,70.0,-70.0,0,0,1
